{"cameraMode":{"drawMode":0,"name":"Shaded","section":"Shading Mode"},"sceneLighting":false,"audioPlay":false,"sceneViewState":{"showFog":true,"showMaterialUpdate":false,"showSkybox":false,"showFlares":true,"showImageEffects":true,"showParticleSystems":true},"in2DMode":false,"pivot":{"x":1.584884762763977,"y":0.8120327591896057,"z":-2.4891443252563478},"rotation":{"x":-0.3542582094669342,"y":-0.07395443320274353,"z":0.028119439259171487,"w":-0.9318037033081055},"size":3.4657092094421388,"orthographic":false}